species,section,latitude,longitude
Eucalyptus flindersii,Exsertaria,-32.41472222,137.9880556
Eucalyptus flindersii,Exsertaria,-32.41472222,137.9880556
Eucalyptus flindersii,Exsertaria,-32.41472222,137.9880556
Eucalyptus lucasii,Adnataria,-26.59111111,120.1163889
Eucalyptus lucasii,Adnataria,-26.59111111,120.1163889
Eucalyptus lucasii,Adnataria,-26.59111111,120.1163889
Eucalyptus porosa,Adnataria,-32.98583333,135.5469444
Eucalyptus porosa,Adnataria,-32.98583333,135.5469444
Eucalyptus porosa,Adnataria,-32.98583333,135.5469444
Eucalyptus sparsa,Adnataria,-27.00944444,132.5155556
Eucalyptus sparsa,Adnataria,-27.00944444,132.5155556
Eucalyptus sparsa,Adnataria,-27.00944444,132.5155556
Eucalyptus intertexta,Adnataria,-27.03888889,132.5486111
Eucalyptus intertexta,Adnataria,-27.03888889,132.5486111
Eucalyptus intertexta,Adnataria,-27.03888889,132.5486111
Eucalyptus polyanthemos subsp. polyanthemos,Adnataria,-32.69361111,150.0027778
Eucalyptus conica,Adnataria,-32.40388889,150.2222222
Eucalyptus conica,Adnataria,-32.40388889,150.2222222
Eucalyptus conica,Adnataria,-32.40388889,150.2222222
Eucalyptus dawsonii,Adnataria,-32.60861111,150.0747222
Eucalyptus dawsonii,Adnataria,-32.60861111,150.0747222
Eucalyptus dawsonii,Adnataria,-32.60861111,150.0747222
Eucalyptus melliodora,Adnataria,-32.71222222,149.9661111
Eucalyptus melliodora,Adnataria,-32.71222222,149.9661111
Eucalyptus melliodora,Adnataria,-32.71222222,149.9661111
Eucalyptus caleyi subsp. caleyi,Adnataria,-32.40361111,150.2280556
Eucalyptus caleyi subsp. caleyi,Adnataria,-32.40361111,150.2280556
Eucalyptus polybractea,Adnataria,-33.89222222,147.0733333
Eucalyptus polybractea,Adnataria,-33.89222222,147.0733333
Eucalyptus polybractea,Adnataria,-33.89222222,147.0733333
Eucalyptus dwyeri,Exsertaria,-32.30194444,150.0472222
Eucalyptus dwyeri,Exsertaria,-32.30194444,150.0472222
Eucalyptus dwyeri,Exsertaria,-32.30194444,150.0472222
Eucalyptus viridis,Adnataria,-31.56027778,146.5091667
Eucalyptus viridis,Adnataria,-31.56027778,146.5091667
Eucalyptus viridis,Adnataria,-31.56027778,146.5091667
Eucalyptus woollsiana (E. pilligaensis),Adnataria,-27.15111111,150.6586111
Eucalyptus woollsiana (E. pilligaensis),Adnataria,-27.15111111,150.6586111
Eucalyptus woollsiana (E. pilligaensis),Adnataria,-27.15111111,150.6586111
Eucalyptus morrisii,Exsertaria,-31.54083333,146.2797222
Eucalyptus melanophloia subsp. melanophloia,Adnataria,-26.26722222,150.0480556
Eucalyptus tereticornis subsp. tereticornis,Exsertaria,-24.11138889,151.4316667
Eucalyptus tereticornis subsp. tereticornis,Exsertaria,-24.11138889,151.4316667
Eucalyptus tereticornis subsp. tereticornis,Exsertaria,-24.11138889,151.4316667
Eucalyptus moluccana,Adnataria,-23.80111111,150.9533333
Eucalyptus moluccana,Adnataria,-23.80111111,150.9533333
Eucalyptus moluccana,Adnataria,-23.80111111,150.9533333
Eucalyptus blakelyi,Exsertaria,-29.74583333,151.5605556
Eucalyptus blakelyi,Exsertaria,-29.74583333,151.5605556
Eucalyptus blakelyi,Exsertaria,-29.74583333,151.5605556
Eucalyptus dealbata,Exsertaria,-29.90361111,150.4872222
Eucalyptus dealbata,Exsertaria,-30.13972222,150.0677778
Eucalyptus dealbata,Exsertaria,-30.13972222,150.0677778
Eucalyptus fibrosa,Adnataria,-29.30222222,152.6447222
Eucalyptus fibrosa,Adnataria,-29.30222222,152.6447222
Eucalyptus fibrosa,Adnataria,-29.30222222,152.6447222
Eucalyptus kabiana,Exsertaria,-26.895,152.8808333
Eucalyptus kabiana,Exsertaria,-26.895,152.8808333
Eucalyptus kabiana,Exsertaria,-26.895,152.8808333
Eucalyptus elegans,Adnataria,-27.11666667,150.6933333
Eucalyptus elegans,Adnataria,-27.11666667,150.6933333
Eucalyptus elegans,Adnataria,-27.11666667,150.6933333
Eucalyptus argophloia,Adnataria,-26.63111111,150.7347222
Eucalyptus argophloia,Adnataria,-26.63111111,150.7347222
Eucalyptus argophloia,Adnataria,-26.63111111,150.7347222
Eucalyptus amplifolia subsp. sessiliflora,Exsertaria,-29.07972222,152.0044444
Eucalyptus amplifolia subsp. sessiliflora,Exsertaria,-29.07972222,152.0044444
Eucalyptus amplifolia subsp. sessiliflora,Exsertaria,-29.07972222,152.0044444
Eucalyptus sideroxylon,Adnataria,-28.90083333,151.9077778
Eucalyptus sideroxylon,Adnataria,-28.90083333,151.9077778
Eucalyptus sideroxylon,Adnataria,-28.90083333,151.9077778
Eucalyptus nubilis,Adnataria,-27.05611111,150.5094444
Eucalyptus nubilis,Adnataria,-27.05611111,150.5094444
Eucalyptus nubilis,Adnataria,-27.05611111,150.5094444
Eucalyptus paniculata (subsp. matutina),Adnataria,-32.73333333,152.1791667
Eucalyptus paniculata (subsp. matutina),Adnataria,-32.73333333,152.1791667
Eucalyptus paniculata (subsp. matutina),Adnataria,-32.73333333,152.1791667
Eucalyptus amplifolia subsp. amplifolia,Exsertaria,-35.09472222,150.1155556
Eucalyptus amplifolia subsp. amplifolia,Exsertaria,-35.09472222,150.1155556
Eucalyptus amplifolia subsp. amplifolia,Exsertaria,-35.09472222,150.1155556
Eucalyptus dura,Adnataria,-26.3525,150.8680556
Eucalyptus dura,Adnataria,-26.3525,150.8680556
Eucalyptus dura,Adnataria,-26.3525,150.8680556
Eucalyptus panda,Adnataria,-27.1325,150.4833333
Eucalyptus panda,Adnataria,-27.1325,150.4833333
Eucalyptus panda,Adnataria,-27.1325,150.4833333
Eucalyptus siderophloia,Adnataria,-26.13555556,152.5805556
Eucalyptus siderophloia,Adnataria,-26.13555556,152.5805556
Eucalyptus siderophloia,Adnataria,-26.13555556,152.5805556
Eucalyptus cambageana,Adnataria,-24.70666667,150.0144444
Eucalyptus cambageana,Adnataria,-24.70666667,150.0144444
Eucalyptus cambageana,Adnataria,-24.70666667,150.0144444
Eucalyptus orgadophila,Adnataria,-24.57694444,148.9005556
Eucalyptus orgadophila,Adnataria,-24.57694444,148.9005556
Eucalyptus orgadophila,Adnataria,-24.57694444,148.9005556
Eucalyptus parramattensis subsp. decadens,Exsertaria,-32.78305556,151.8872222
Eucalyptus parramattensis subsp. decadens,Exsertaria,-32.78305556,151.8872222
Eucalyptus parramattensis subsp. decadens,Exsertaria,-32.78305556,151.8872222
Eucalyptus hallii,Exsertaria,-25.17,152.3722222
Eucalyptus hallii,Exsertaria,-25.17,152.3722222
Eucalyptus hallii,Exsertaria,-25.17,152.3722222
Eucalyptus ancophila,Adnataria,-30.81638889,152.8533333
Eucalyptus ancophila,Adnataria,-30.81638889,152.8533333
Eucalyptus ancophila,Adnataria,-30.81638889,152.8533333
Eucalyptus populnea subsp. populnea,Adnataria,-27.11666667,150.6933333
Eucalyptus populnea subsp. populnea,Adnataria,-27.11666667,150.6933333
Eucalyptus populnea subsp. populnea,Adnataria,-27.11666667,150.6933333
Eucalyptus vicina,Exsertaria,-31.55111111,146.6913889
Eucalyptus vicina,Exsertaria,-31.55111111,146.6913889
Eucalyptus vicina,Exsertaria,-31.55111111,146.6913889
Eucalyptus interstans,Exsertaria,-28.92888889,152.3938889
Eucalyptus interstans,Exsertaria,-28.92888889,152.3938889
Eucalyptus interstans,Exsertaria,-28.92888889,152.3938889
Eucalyptus fusiformis,Adnataria,-30.9025,152.8533333
Eucalyptus fusiformis,Adnataria,-30.9025,152.8533333
Eucalyptus fusiformis,Adnataria,-30.9025,152.8533333
Eucalyptus fergusonii subsp. fergusonii,Adnataria,-32.24861111,152.1916667
Eucalyptus fergusonii subsp. fergusonii,Adnataria,-32.24861111,152.1916667
Eucalyptus fergusonii subsp. fergusonii,Adnataria,-32.24861111,152.1916667
Eucalyptus victrix,Adnataria,-24.01777778,113.4880556
Eucalyptus victrix,Adnataria,-24.01777778,113.4880556
Eucalyptus normantonensis,Adnataria,-23.63583333,132.5672222
Eucalyptus normantonensis,Adnataria,-23.63583333,132.5672222
Eucalyptus normantonensis,Adnataria,-23.63583333,132.5672222
Eucalyptus camaldulensis subsp. arida,Exsertaria,-23.20416667,131.5602778
Eucalyptus camaldulensis subsp. arida,Exsertaria,-23.20416667,131.5602778
Eucalyptus camaldulensis subsp. arida,Exsertaria,-23.20416667,131.5602778
Eucalyptus largiflorens,Adnataria,-34.01333333,141.9258333
Eucalyptus largiflorens,Adnataria,-34.01333333,141.9258333
Eucalyptus largiflorens,Adnataria,-34.01333333,141.9258333
Eucalyptus odorata,Adnataria,-35.69305556,137.5311111
Eucalyptus odorata,Adnataria,-35.69305556,137.5311111
Eucalyptus odorata,Adnataria,-35.69305556,137.5311111
Eucalyptus absita,Adnataria,-30.43694444,115.5755556
Eucalyptus rudis subsp. rudis,Exsertaria,-34.40583333,118.73
Eucalyptus rudis subsp. rudis,Exsertaria,-34.40583333,118.73
Eucalyptus camaldulensis subsp. camaldulensis,Exsertaria,-35.69722222,137.5225
Eucalyptus camaldulensis subsp. camaldulensis,Exsertaria,-35.69722222,137.5225
Eucalyptus camaldulensis subsp. camaldulensis,Exsertaria,-35.69722222,137.5225
Eucalyptus gillenii,Exsertaria,-23.725,133.8572222
Eucalyptus gillenii,Exsertaria,-23.725,133.8572222
Eucalyptus gillenii,Exsertaria,-23.725,133.8572222
Eucalyptus behriana,Adnataria,-34.35388889,138.7869444
Eucalyptus behriana x E. odorata,Adnataria,-34.35388889,138.7869444
Eucalyptus behriana x E. odorata,Adnataria,-34.35388889,138.7869444
Eucalyptus petiolaris (yellow flower morph),Adnataria,-34.48583333,135.8575
Eucalyptus petiolaris (yellow flower morph),Adnataria,-34.48583333,135.8575
Eucalyptus petiolaris (yellow flower morph),Adnataria,-34.48583333,135.8575
Eucalyptus albopurpurea (atypical form),Adnataria,-35.74694444,137.6383333
Eucalyptus albopurpurea (atypical form),Adnataria,-35.74694444,137.6383333
Eucalyptus albopurpurea (atypical form),Adnataria,-35.74694444,137.6383333
Eucalyptus albopurpurea (atypical form),Adnataria,-35.74694444,137.6383333
Eucalyptus albopurpurea,Adnataria,-34.83972222,135.6983333
Eucalyptus albopurpurea,Adnataria,-34.83972222,135.6983333
Eucalyptus fergusonii subsp. dorsiventralis,Adnataria,-32.87083333,151.0208333
Eucalyptus fergusonii subsp. dorsiventralis,Adnataria,-32.87083333,151.0208333
Eucalyptus fergusonii subsp. dorsiventralis,Adnataria,-32.87083333,151.0208333
Eucalyptus coolabah,Adnataria,-24.73611111,133.1827778
Eucalyptus coolabah,Adnataria,-24.73611111,133.1827778
Eucalyptus melanophloia subsp. nana,Adnataria,-20.88,139.4530556
Eucalyptus melanophloia subsp. nana,Adnataria,-20.88,139.4530556
Eucalyptus melanophloia subsp. nana,Adnataria,-20.88,139.4530556
Eucalyptus microcarpa (Adelaide variant),Adnataria,-35.08583333,138.5605556
Eucalyptus microcarpa (Adelaide variant),Adnataria,-35.08583333,138.5605556
Eucalyptus microcarpa (Adelaide variant),Adnataria,-35.08583333,138.5605556
Eucalyptus ammophila,Exsertaria,-23.56,145.7183333
Eucalyptus ammophila,Exsertaria,-23.56,145.7183333
Eucalyptus ammophila,Exsertaria,-23.56,145.7183333
Eucalyptus wimmerensis,Adnataria,-36.06527778,140.7336111
Eucalyptus wimmerensis,Adnataria,-36.06527778,140.7336111
Eucalyptus wimmerensis,Adnataria,-36.06527778,140.7336111
Eucalyptus microcarpa,Adnataria,-33.90361111,147.3011111
Eucalyptus microcarpa,Adnataria,-33.90361111,147.3011111
Eucalyptus microcarpa,Adnataria,-33.90361111,147.3011111
Eucalyptus sicilifolia,Adnataria,-24.08305556,148.0752778
Eucalyptus sicilifolia,Adnataria,-24.08305556,148.0752778
Eucalyptus sicilifolia,Adnataria,-24.08305556,148.0752778
Eucalyptus tholiformis,Adnataria,-24.39694444,147.3713889
Eucalyptus tholiformis,Adnataria,-24.39694444,147.3713889
Eucalyptus tholiformis,Adnataria,-24.39694444,147.3713889
Eucalyptus suffulgens,Adnataria,-25.1925,149.9711111
Eucalyptus suffulgens,Adnataria,-25.1925,149.9711111
Eucalyptus suffulgens,Adnataria,-25.1925,149.9711111
Eucalyptus thozetiana,Adnataria,-23.61972222,146.2561111
Eucalyptus tereticornis subsp. rotunda,Exsertaria,-24.91027778,148.0425
Eucalyptus tereticornis subsp. rotunda,Exsertaria,-24.91027778,148.0425
Eucalyptus tereticornis subsp. rotunda,Exsertaria,-24.91027778,148.0425
Eucalyptus brownii,Adnataria,-20.55888889,145.3622222
Eucalyptus brownii,Adnataria,-20.55888889,145.3622222
Eucalyptus corynodes,Adnataria,-25.46027778,150.3041667
Eucalyptus corynodes,Adnataria,-25.46027778,150.3041667
Eucalyptus exilipes,Adnataria,-20.71083333,145.2222222
Eucalyptus infera,Exsertaria,-28.39944444,151.7030556
Eucalyptus infera,Exsertaria,-28.39944444,151.7030556
Eucalyptus infera,Exsertaria,-28.39944444,151.7030556
Eucalyptus decorticans,Adnataria,-25.38083333,151.1505556
Eucalyptus decorticans,Adnataria,-25.38083333,151.1505556
Eucalyptus decorticans,Adnataria,-25.38083333,151.1505556
Eucalyptus persistens,Adnataria,-20.66111111,145.2541667
Eucalyptus persistens,Adnataria,-20.66111111,145.2541667
Eucalyptus persistens,Adnataria,-20.66111111,145.2541667
Eucalyptus atrata,Adnataria,-17.38694444,145.3322222
Eucalyptus atrata,Adnataria,-17.38694444,145.3322222
Eucalyptus atrata,Adnataria,-17.38694444,145.3322222
Eucalyptus chloroclada,Exsertaria,-28.30027778,151.925
Eucalyptus chloroclada,Exsertaria,-28.30027778,151.925
Eucalyptus chloroclada,Exsertaria,-28.30027778,151.925
Eucalyptus lockyeri,Exsertaria,-17.58861111,145.4647222
Eucalyptus lockyeri,Exsertaria,-17.58861111,145.4647222
Eucalyptus camaldulensis subsp. simulata,Exsertaria,-15.55527778,144.4391667
Eucalyptus camaldulensis subsp. simulata,Exsertaria,-15.55527778,144.4391667
Eucalyptus camaldulensis subsp. simulata,Exsertaria,-15.55527778,144.4391667
Eucalyptus granitica,Adnataria,-17.38722222,145.3461111
Eucalyptus granitica,Adnataria,-17.38722222,145.3461111
Eucalyptus granitica,Adnataria,-17.38722222,145.3461111
Eucalyptus insulana,Exsertaria,-17.09611111,145.5294444
Eucalyptus insulana,Exsertaria,-17.09611111,145.5294444
Eucalyptus insulana,Exsertaria,-17.09611111,145.5294444
Eucalyptus cullenii,Adnataria,-15.96166667,144.8319444
Eucalyptus cullenii,Adnataria,-15.96166667,144.8319444
Eucalyptus bancroftii,Exsertaria,-29.90166667,153.0647222
Eucalyptus bancroftii,Exsertaria,-29.90166667,153.0647222
Eucalyptus propinqua,Exsertaria,-31.28305556,152.8136111
Eucalyptus propinqua,Exsertaria,-31.28305556,152.8136111
Eucalyptus propinqua,Exsertaria,-31.28305556,152.8136111
Eucalyptus albens,Adnataria,-32.9175,138.1588889
Eucalyptus albens,Adnataria,-32.9175,138.1588889
Eucalyptus albens,Adnataria,-32.9175,138.1588889
Eucalyptus fasciculosa,Adnataria,-36.28166667,139.7319444
Eucalyptus fasciculosa,Adnataria,-36.28166667,139.7319444
Eucalyptus fasciculosa,Adnataria,-36.28166667,139.7319444
Eucalyptus tricarpa,Adnataria,-38.45361111,144.11
Eucalyptus tricarpa,Adnataria,-38.45361111,144.11
Eucalyptus tricarpa,Adnataria,-38.45361111,144.11
Eucalyptus bosistoana,Adnataria,-37.87777778,147.8541667
Eucalyptus bosistoana,Adnataria,-37.87777778,147.8541667
Eucalyptus polyanthemos subsp. vestita (subsp. longior),Adnataria,-37.70138889,148.3283333
Eucalyptus polyanthemos subsp. vestita (subsp. longior),Adnataria,-37.70138889,148.3283333
Eucalyptus polyanthemos subsp. vestita (subsp. longior),Adnataria,-37.70138889,148.3283333
Eucalyptus baueriana,Adnataria,-37.87777778,147.8541667
Eucalyptus baueriana,Adnataria,-37.87777778,147.8541667
Eucalyptus baueriana,Adnataria,-37.87777778,147.8541667
Eucalyptus parramattensis subsp. parramattensis,Exsertaria,-34.21722222,150.5502778
Eucalyptus parramattensis subsp. parramattensis,Exsertaria,-34.21722222,150.5502778
Eucalyptus parramattensis subsp. parramattensis,Exsertaria,-34.21722222,150.5502778
Eucalyptus beyeriana,Adnataria,-34.3125,150.5875
Eucalyptus beyeriana,Adnataria,-34.3125,150.5875
Eucalyptus beyeriana,Adnataria,-34.3125,150.5875
Eucalyptus tereticornis subsp. mediana,Exsertaria,-37.84444444,147.8522222
Eucalyptus tereticornis subsp. mediana,Exsertaria,-37.84444444,147.8522222
Eucalyptus tereticornis subsp. mediana,Exsertaria,-37.84444444,147.8522222
Eucalyptus leucoxylon subsp. pruinosa,Adnataria,-36.82638889,139.9202778
Eucalyptus leucoxylon subsp. pruinosa,Adnataria,-36.82638889,139.9202778
Eucalyptus leucoxylon subsp. pruinosa,Adnataria,-36.82638889,139.9202778
Eucalyptus ochrophloia,Adnataria,-26.50416667,146.0819444
Eucalyptus ochrophloia,Adnataria,-26.50416667,146.0819444
Eucalyptus ochrophloia,Adnataria,-26.50416667,146.0819444
Eucalyptus aenea,Adnataria,-32.29277778,150.4111111
Eucalyptus aenea,Adnataria,-32.29277778,150.4111111
Eucalyptus aenea,Adnataria,-32.29277778,150.4111111
Eucalyptus rhombica,Adnataria,-28.12861111,151.5155556
Eucalyptus rhombica,Adnataria,-28.12861111,151.5155556
Eucalyptus rhombica,Adnataria,-28.12861111,151.5155556
Eucalyptus virens,Adnataria,-25.19972222,147.9361111
Eucalyptus virens,Adnataria,-25.19972222,147.9361111
Eucalyptus virens,Adnataria,-25.19972222,147.9361111
Eucalyptus major,Exsertaria,-27.51861111,152.1608333
Eucalyptus major,Exsertaria,-27.51861111,152.1608333
Eucalyptus taurina,Adnataria,-27.52666667,152.1561111
Eucalyptus taurina,Adnataria,-27.52666667,152.1561111
Eucalyptus taurina,Adnataria,-27.52666667,152.1561111
Eucalyptus melanoleuca,Adnataria,-26.78666667,151.9575
Eucalyptus melanoleuca,Adnataria,-26.78666667,151.9575
Eucalyptus melanoleuca,Adnataria,-26.78666667,151.9575
Eucalyptus ophitica,Adnataria,-29.29388889,152.6363889
Eucalyptus ophitica,Adnataria,-29.29388889,152.6363889
Eucalyptus ophitica,Adnataria,-29.29388889,152.6363889
Eucalyptus fracta,Adnataria,-32.76722222,151.2072222
Eucalyptus fracta,Adnataria,-32.76722222,151.2072222
Eucalyptus fracta,Adnataria,-32.76722222,151.2072222
Eucalyptus rudderi (E. hypostomatica),Adnataria,-32.99666667,151.2616667
Eucalyptus rudderi (E. hypostomatica),Adnataria,-32.99666667,151.2616667
Eucalyptus rudderi (E. hypostomatica),Adnataria,-32.99666667,151.2616667
Eucalyptus largeana,Adnataria,-32.16861111,151.8880556
Eucalyptus largeana,Adnataria,-32.16861111,151.8880556
Eucalyptus largeana,Adnataria,-32.16861111,151.8880556
Eucalyptus paedoglauca,Adnataria,-19.36083333,146.8083333
Eucalyptus paedoglauca,Adnataria,-19.36083333,146.8083333
Eucalyptus paedoglauca,Adnataria,-19.36083333,146.8083333
Eucalyptus glaucina,Exsertaria,-32.565,151.6022222
Eucalyptus glaucina,Exsertaria,-32.565,151.6022222
Eucalyptus glaucina,Exsertaria,-32.565,151.6022222
Eucalyptus seeana,Exsertaria,-31.52444444,152.7925
Eucalyptus seeana,Exsertaria,-31.52444444,152.7925
Eucalyptus seeana,Exsertaria,-31.52444444,152.7925
Eucalyptus tardecidens,Adnataria,-16.37833333,144.7361111
Eucalyptus tardecidens,Adnataria,-16.37833333,144.7361111
Eucalyptus tardecidens,Adnataria,-16.37833333,144.7361111
Eucalyptus brassiana,Exsertaria,-14.615,143.4511111
Eucalyptus brassiana,Exsertaria,-14.615,143.4511111
Eucalyptus brassiana,Exsertaria,-14.615,143.4511111
Eucalyptus staigeriana,Adnataria,-16.20277778,144.7519444
Eucalyptus staigeriana,Adnataria,-16.20277778,144.7519444
Eucalyptus staigeriana,Adnataria,-16.20277778,144.7519444
Eucalyptus moluccana (northern variant),Adnataria,-17.7275,145.0475
Eucalyptus moluccana (northern variant),Adnataria,-17.7275,145.0475
Eucalyptus moluccana (northern variant),Adnataria,-17.7275,145.0475
Eucalyptus shirleyi,Adnataria,-17.62444444,144.9852778
Eucalyptus shirleyi,Adnataria,-17.62444444,144.9852778
Eucalyptus shirleyi,Adnataria,-17.62444444,144.9852778
Eucalyptus decolor,Adnataria,-24.1975,151.2755556
Eucalyptus decolor,Adnataria,-24.1975,151.2755556
Eucalyptus decolor,Adnataria,-24.1975,151.2755556
Eucalyptus quadricostata,Adnataria,-20.48055556,145.3161111
Eucalyptus quadricostata,Adnataria,-20.48055556,145.3161111
Eucalyptus quadricostata,Adnataria,-20.48055556,145.3161111
Eucalyptus camaldulensis subsp. acuta,Exsertaria,-28.70333333,148.1691667
Eucalyptus camaldulensis subsp. acuta,Exsertaria,-28.70333333,148.1691667
Eucalyptus camaldulensis subsp. acuta,Exsertaria,-28.70333333,148.1691667
Eucalyptus intertexta,Adnataria,-30.39055556,146.8455556
Eucalyptus intertexta,Adnataria,-30.39055556,146.8455556
Eucalyptus intertexta,Adnataria,-30.39055556,146.8455556
Eucalyptus lucens,Adnataria,-24,132.6508333
Eucalyptus lucens,Adnataria,-24,132.6508333
Eucalyptus lucens,Adnataria,-24,132.6508333
Eucalyptus largiflorens (green-leaf variant),Adnataria,-31.7725,140.8911111
Eucalyptus largiflorens (green-leaf variant),Adnataria,-31.7725,140.8911111
Eucalyptus leucoxylon subsp. pruinosa,Adnataria,-32.70555556,138.0269444
Eucalyptus leucoxylon subsp. pruinosa,Adnataria,-32.70555556,138.0269444
Eucalyptus leucoxylon subsp. pruinosa,Adnataria,-32.70555556,138.0269444
Eucalyptus camaldulensis subsp. arida,Exsertaria,-31.88833333,141.2569444
Eucalyptus camaldulensis subsp. arida,Exsertaria,-31.88833333,141.2569444
Eucalyptus camaldulensis subsp. arida,Exsertaria,-31.88833333,141.2569444
Eucalyptus intertexta,Adnataria,-27.20333333,126.4402778
Eucalyptus intertexta,Adnataria,-27.20333333,126.4402778
Eucalyptus coolabah,Adnataria,-31.57472222,143.3905556
Eucalyptus coolabah,Adnataria,-31.57472222,143.3905556
Eucalyptus coolabah,Adnataria,-31.57472222,143.3905556
Eucalyptus petraea,Adnataria,-28.96388889,118.8672222
Eucalyptus petraea,Adnataria,-28.96388889,118.8672222
Eucalyptus petraea,Adnataria,-28.96388889,118.8672222
Eucalyptus populnea subsp. bimbil,Adnataria,-31.48666667,147.1097222
Eucalyptus populnea subsp. bimbil,Adnataria,-31.48666667,147.1097222
Eucalyptus populnea subsp. bimbil,Adnataria,-31.48666667,147.1097222
Eucalyptus leucoxylon subsp. pruinosa,Adnataria,-35.615,144.1386111
Eucalyptus leucoxylon subsp. pruinosa,Adnataria,-35.615,144.1386111
Eucalyptus leucoxylon subsp. pruinosa,Adnataria,-35.615,144.1386111
Eucalyptus leucoxylon subsp. pruinosa,Adnataria,-35.615,144.1386111
Eucalyptus microcarpa,Adnataria,-34.72,143.1152778
Eucalyptus microcarpa,Adnataria,-34.72,143.1152778
Eucalyptus microcarpa,Adnataria,-34.72,143.1152778
Eucalyptus odorata (E. silvestris),Adnataria,-36.34916667,140.9977778
Eucalyptus odorata (E. silvestris),Adnataria,-36.34916667,140.9977778
Eucalyptus odorata (E. silvestris),Adnataria,-36.34916667,140.9977778
Eucalyptus froggattii,Adnataria,-36.67888889,141.7355556
Eucalyptus froggattii,Adnataria,-36.67888889,141.7355556
Eucalyptus froggattii,Adnataria,-36.67888889,141.7355556
Eucalyptus polyanthemos subsp. polyanthemos,Adnataria,-35.26583333,147.9394444
Eucalyptus polyanthemos subsp. polyanthemos,Adnataria,-35.26583333,147.9394444
Eucalyptus polyanthemos subsp. polyanthemos,Adnataria,-35.26583333,147.9394444
Eucalyptus albens,Adnataria,-35.10583333,147.2002778
Eucalyptus albens,Adnataria,-35.10583333,147.2002778
Eucalyptus albens,Adnataria,-35.10583333,147.2002778
Eucalyptus leucoxylon subsp. stephaniae,Adnataria,-36.55888889,141.6511111
Eucalyptus leucoxylon subsp. stephaniae,Adnataria,-36.55888889,141.6511111
Eucalyptus leucoxylon subsp. leucoxylon (subsp. connata),Adnataria,-37.66166667,144.3641667
Eucalyptus leucoxylon subsp. leucoxylon (subsp. connata),Adnataria,-37.66166667,144.3641667
Eucalyptus leucoxylon subsp. leucoxylon (subsp. connata),Adnataria,-37.66166667,144.3641667
Eucalyptus caleyi subsp. ovendenii,Adnataria,-29.09666667,151.7163889
Eucalyptus caleyi subsp. ovendenii,Adnataria,-29.09666667,151.7163889
Eucalyptus exserta,Exsertaria,-28.49055556,151.4513889
Eucalyptus exserta,Exsertaria,-28.49055556,151.4513889
Eucalyptus exserta,Exsertaria,-28.49055556,151.4513889
Eucalyptus tereticornis subsp. basaltica,Exsertaria,-27.45388889,152.2027778
Eucalyptus tereticornis subsp. basaltica,Exsertaria,-27.45388889,152.2027778
Eucalyptus tereticornis subsp. basaltica,Exsertaria,-27.45388889,152.2027778
Eucalyptus scopulorum,Adnataria,-29.6125,152.2027778
Eucalyptus scopulorum,Adnataria,-29.6125,152.2027778
Eucalyptus scopulorum,Adnataria,-29.6125,152.2027778
Eucalyptus bosistoana,Adnataria,-36.17833333,149.7972222
Eucalyptus bosistoana,Adnataria,-36.17833333,149.7972222
Eucalyptus bosistoana,Adnataria,-36.17833333,149.7972222
Eucalyptus magnificata,Adnataria,-30.71916667,151.7222222
Eucalyptus magnificata,Adnataria,-30.71916667,151.7222222
Eucalyptus magnificata,Adnataria,-30.71916667,151.7222222
Eucalyptus rubida subsp. barbigerorum,,-29.64416667,151.8158333
Eucalyptus rummeryi,Adnataria,-28.93305556,152.705
Eucalyptus rummeryi,Adnataria,-28.93305556,152.705
Eucalyptus fergusonii subsp. fergusonii,Adnataria,-32.64027778,151.9897222
Eucalyptus fergusonii subsp. fergusonii,Adnataria,-32.64027778,151.9897222
Eucalyptus fergusonii subsp. fergusonii,Adnataria,-32.64027778,151.9897222
Eucalyptus rudderi,Adnataria,-32.04388889,152.3691667
Eucalyptus rudderi,Adnataria,-32.04388889,152.3691667
Eucalyptus rudderi,Adnataria,-32.04388889,152.3691667
Eucalyptus tetrapleura,Adnataria,-29.90166667,153.0647222
Eucalyptus tetrapleura,Adnataria,-29.90166667,153.0647222
Eucalyptus tetrapleura,Adnataria,-29.90166667,153.0647222
Eucalyptus paniculata,Adnataria,-35.76916667,150.1491667
Eucalyptus paniculata,Adnataria,-35.76916667,150.1491667
Eucalyptus paniculata,Adnataria,-35.76916667,150.1491667
Eucalyptus albopurpurea,Adnataria,-34.83305556,135.7330556
Eucalyptus albopurpurea,Adnataria,-34.83305556,135.7330556
Eucalyptus albopurpurea,Adnataria,-34.83305556,135.7330556
Eucalyptus camaldulensis subsp. arida,Exsertaria,-28.31944444,114.5391667
Eucalyptus camaldulensis subsp. arida,Exsertaria,-28.31944444,114.5391667
Eucalyptus camaldulensis subsp. arida,Exsertaria,-28.31944444,114.5391667
Eucalyptus petraea,Adnataria,-29.92333333,116.1122222
Eucalyptus petraea,Adnataria,-29.92333333,116.1122222
Eucalyptus cuprea,Adnataria,-27.74833333,114.675
Eucalyptus cuprea,Adnataria,-27.74833333,114.675
Eucalyptus cuprea,Adnataria,-27.74833333,114.675
Eucalyptus behriana,Adnataria,-34.46166667,135.6891667
Eucalyptus behriana,Adnataria,-34.46166667,135.6891667
Eucalyptus behriana,Adnataria,-34.46166667,135.6891667
Eucalyptus largiflorens,Adnataria,-28.70333333,138.4572222
Eucalyptus largiflorens,Adnataria,-28.70333333,138.4572222
Eucalyptus lucasii,Adnataria,-24.63805556,119.6091667
Eucalyptus lucasii,Adnataria,-24.63805556,119.6091667
Eucalyptus lucasii,Adnataria,-24.63805556,119.6091667
Eucalyptus rowleyi,Adnataria,-22.53694444,121.4902778
Eucalyptus rowleyi,Adnataria,-22.53694444,121.4902778
Eucalyptus aridomontana,Adnataria,-22.72138889,117.7602778
Eucalyptus nudicaulis,Exsertaria,-20.56638889,139.4777778
Eucalyptus nudicaulis,Exsertaria,-20.56638889,139.4777778
Eucalyptus nudicaulis,Exsertaria,-20.56638889,139.4777778
Eucalyptus normantonensis,Adnataria,-22.16666667,139.6436111
Eucalyptus normantonensis,Adnataria,-22.16666667,139.6436111
Eucalyptus blakelyi,Exsertaria,-36.29861111,146.1644444
Eucalyptus blakelyi,Exsertaria,-36.29861111,146.1644444
Eucalyptus blakelyi,Exsertaria,-36.29861111,146.1644444
Eucalyptus camaldulensis subsp. obtusa,Exsertaria,-15.87083333,127.3513889
Eucalyptus camaldulensis subsp. obtusa,Exsertaria,-15.87083333,127.3513889
Eucalyptus camaldulensis subsp. obtusa,Exsertaria,-15.87083333,127.3513889
Eucalyptus camaldulensis subsp. refulgens,Exsertaria,-14.59916667,143.4397222
Eucalyptus camaldulensis subsp. refulgens,Exsertaria,-20.92583333,119.7852778
Eucalyptus camaldulensis subsp. refulgens,Exsertaria,-20.92583333,119.7852778
Eucalyptus camaldulensis subsp. minima,Exsertaria,-32.59222222,139.5683333
Eucalyptus camaldulensis subsp. minima,Exsertaria,-32.59222222,139.5683333
Eucalyptus camaldulensis subsp. minima,Exsertaria,-32.59222222,139.5683333
Eucalyptus melanophloia subsp. nana,Adnataria,-20.88777778,139.4466667
Eucalyptus melanophloia subsp. nana,Adnataria,-20.88777778,139.4466667
Eucalyptus melanophloia subsp. nana,Adnataria,-20.88777778,139.4466667
Eucalyptus camaldulensis subsp. obtusa,Exsertaria,-15.87083333,127.3513889
Eucalyptus camaldulensis subsp. obtusa,Exsertaria,-15.87083333,127.3513889
Eucalyptus camaldulensis subsp. obtusa,Exsertaria,-15.87083333,127.3513889
